<?xml version="1.0" encoding="UTF-8"?>
<beans xmlns="http://www.springframework.org/schema/beans"
	xmlns:xsi="http://www.w3.org/2001/XMLSchema-instance"
	xmlns:context="http://www.springframework.org/schema/context"
	xmlns:task="http://www.springframework.org/schema/task"
	xsi:schemaLocation="http://www.springframework.org/schema/task http://www.springframework.org/schema/task/spring-task-4.3.xsd
		http://www.springframework.org/schema/beans https://www.springframework.org/schema/beans/spring-beans.xsd
		http://www.springframework.org/schema/context http://www.springframework.org/schema/context/spring-context.xsd">

	<!-- 이건 클래스에 Service와 repository를 생성하면 그때 주석 풀어주세요! -->
	<!-- <context:component-scan base-package="com.kh.tresure"> <context:include-filter 
		type="annotation" expression="org.springframework.stereotype.Service"/> <context:include-filter 
		type="annotation" expression="org.springframework.stereotype.Repository"/> 
		</context:component-scan> -->
	<!-- <task:annotation-driven scheduler="FileScheduler"/> <task:scheduler 
		id="FileScheduler" pool-size="10"/> -->
	<!-- 암호화 -->
	<bean id="passwordEncoder"
		class="org.springframework.security.crypto.bcrypt.BCryptPasswordEncoder"></bean>
	<!-- 파일업로드 -->
	<bean id="multipartResolver"
		class="org.springframework.web.multipart.commons.CommonsMultipartResolver"></bean>
	<!-- db 사용하려면 -->
	<context:property-placeholder
		location="classpath:db.properties" />
	<!-- myBatis시작 -->
	<bean id="sqlSessionFactory"
		class="org.mybatis.spring.SqlSessionFactoryBean">
		<property name="dataSource" ref="dataSource" />
		<property name="configLocation"
			value="classpath:configuration.xml" />
	</bean>
	<bean id="session" class="org.mybatis.spring.SqlSessionTemplate">
		<constructor-arg index="0" ref="sqlSessionFactory" />
	</bean>
	<!-- DataBase Connection Pool -->
	<bean id="hikariConfig" class="com.zaxxer.hikari.HikariConfig">
		<property name="driverClassName" value="${driver}" />
		<property name="jdbcUrl" value="${url}" />
		<property name="username" value="${userId}" />
		<property name="password" value="${password}" />
	</bean>
	<bean id="dataSource" class="com.zaxxer.hikari.HikariDataSource"
		destroy-method="close">
		<constructor-arg ref="hikariConfig"></constructor-arg>
	</bean>
	<context:component-scan
		base-package="com.youth.market"></context:component-scan>
	<task:annotation-driven
		scheduler="FileScheduler" />
	<task:scheduler id="FileScheduler" pool-size="10" />
	<bean id="jMailSender"
		class="org.springframework.mail.javamail.JavaMailSenderImpl">
		<property name="host" value="smtp.naver.com" />
		<property name="port" value="465" />
		<property name="username" value="owt0103@naver.com" />
		<property name="password" value="test12458!" />
		<property value="smtps" name="protocol" />
		<property value="utf-8" name="defaultEncoding" />
		<property name="javaMailProperties">
			<props>
				<prop key="mail.smtp.auth">true</prop>
				<prop key="mail.smtp.starttls.enable">true</prop>
				<prop key="mail.smtps.ssl.checkserveridentity">true</prop>
				<prop key="mail.smtps.ssl.trust">*</prop>
				<!-- <prop key="mail.debug">true</prop> -->
			</props>
		</property>
	</bean>
</beans>
