<!DOCTYPE tiles-definitions PUBLIC
 "-//Apache Software Foundation//DTD Tiles Configuration 3.0//EN"
 "http://tiles.apache.org/dtds/tiles-config_3_0.dtd">
<tiles-definitions>
	<!-- 레이아웃 적용 -->
	<definition name="tilesbase" template="/WEB-INF/views/layout.jsp">
		<put-attribute name="header" value="/WEB-INF/views/header.jsp" />
		<put-attribute name="body" value="" />
		<put-attribute name="footer" value="/WEB-INF/views/footer.jsp" />
		<put-attribute name="sidebar" value="/WEB-INF/views/sidebar.jsp" />
	</definition>
	
	<!-- 레이아웃 미적용 -->
	<definition name="nolay" template="/WEB-INF/views/nolayout.jsp">
		<put-attribute name="header" value="" />
		<put-attribute name="body"	value="" />
		<put-attribute name="footer" value="" />
	</definition>
	
	<definition name="admin" template="/WEB-INF/views/nolayout.jsp">
		<put-attribute name="header" value="" />
		<put-attribute name="body"	value="" />
		<put-attribute name="footer" value="" />
	</definition>
	

	<!-- (1) nolay폴더 안에 {1}에 jsp이름 -->
	<definition name="nolay/*" extends="nolay">
		<put-attribute name="body"  value="/WEB-INF/views/nolay/{1}.jsp" />
	</definition>
	<definition name="admin/*" extends="admin">
		<put-attribute name="body"  value="/WEB-INF/views/admin/{1}.jsp" />
	</definition>
	<!-- (1) {1}폴더 안에 {2}에 jsp이름 -->
	<definition name="*/*" extends="tilesbase">
		<put-attribute name="body" 	value="/WEB-INF/views/{1}/{2}.jsp" />
	</definition>
	
	

	
</tiles-definitions>