<?xml version="1.0" encoding="UTF-8"?>
<beans:beans xmlns="http://www.springframework.org/schema/mvc"
	xmlns:xsi="http://www.w3.org/2001/XMLSchema-instance"
	xmlns:beans="http://www.springframework.org/schema/beans"
	xmlns:context="http://www.springframework.org/schema/context"
	xsi:schemaLocation="http://www.springframework.org/schema/mvc https://www.springframework.org/schema/mvc/spring-mvc.xsd
		http://www.springframework.org/schema/beans https://www.springframework.org/schema/beans/spring-beans.xsd
		http://www.springframework.org/schema/context https://www.springframework.org/schema/context/spring-context.xsd">

	<!-- DispatcherServlet Context: defines this servlet's request-processing infrastructure -->
	
	<!-- Enables the Spring MVC @Controller programming model -->
	<annotation-driven />

	<!-- Handles HTTP GET requests for /resources/** by efficiently serving up static resources in the ${webappRoot}/resources directory -->
	<resources mapping="/resources/**" location="/resources/" />

	<!-- Tiles 3 resolver -->
	<beans:bean id="tilesViewResolver" class="org.springframework.web.servlet.view.UrlBasedViewResolver">
		<beans:property name="viewClass" value="org.springframework.web.servlet.view.tiles3.TilesView" />
		<beans:property name="order" value="1" />
	</beans:bean>	
	<!-- Tiles 3 Configurer -->
	<beans:bean id="tilesConfigurer" class="org.springframework.web.servlet.view.tiles3.TilesConfigurer">
		<beans:property name="definitions">
			<beans:list>
				<beans:value>/WEB-INF/tiles/tiles.xml</beans:value>
			</beans:list>
		</beans:property>
	</beans:bean>
	<!-- Resolves views selected for rendering by @Controllers to .jsp resources in the /WEB-INF/views directory -->
	<beans:bean class="org.springframework.web.servlet.view.InternalResourceViewResolver">
		<beans:property name="order" value="2"></beans:property>
		<beans:property name="prefix" value="/WEB-INF/views/" />
		<beans:property name="suffix" value=".jsp" />
	</beans:bean>	
	<context:component-scan base-package="com.youth.market" />
	
	<beans:bean id="lc" class="com.youth.market.member.service.LoginChk"></beans:bean>
	<interceptors>
		<interceptor>
			<mapping path="/sell/sellInsertForm.do"/>
			<mapping path="/sell/sellInsert.do"/>
			<mapping path="/mypage/heartList.do"/>
			<mapping path="/chat/chatRoomList.do"/>
			<mapping path="/qa/QaBoard"/>
			<beans:ref bean="lc"/>
		</interceptor>
	</interceptors>
		<beans:bean id="ac" class="com.youth.market.admin.service.AdminLoginChk"></beans:bean>	
	<interceptors>
		<interceptor>
			<mapping path="/admin/adminUser.do"/>
			<mapping path="/admin/adminBoard.do"/>
			<mapping path="/admin/adminNotice.do"/>
			<mapping path="/admin/adminBlockList.do"/>
			<beans:ref bean="ac"/>
		</interceptor>
	</interceptors>
	
</beans:beans>
