<?xml version="1.0" encoding="UTF-8"?>
<!DOCTYPE mapper
    PUBLIC "-//mybatis.org//DTD Mapper 3.0//EN"
    "http://mybatis.org/dtd/mybatis-3-mapper.dtd">

<mapper namespace="followns">

	<resultMap id="member" type="hashmap">
		<result column="USER_NO" property="userNo" />
		<result column="MARKET_OPEN" property="marketOpen" />
		<result column="SELL_COUNT" property="sellCount" />
		<result column="FOLLOW_COUNT" property="followCount" />
		<result column="REPOTER_COUNT" property="repoterCount" />
	</resultMap>

	<resultMap id="followResultMap" type="follow">
		<result column="FW_ID" property="fwId" />
		<result column="FL_ID" property="flId" />
		<result column="SELL_COUNT" property="sellCount" />
		<result column="USER_NO" property="userNo" />
	</resultMap>

	<select id="selectMember" parameterType="follow"
		resultMap="member">
		SELECT
		M.USER_NO,
		ROUND(SYSDATE - M.CREATE_DATE) AS
		MARKET_OPEN,
		(SELECT COUNT(*) FROM FOLLOW WHERE FW_ID = M.USER_NO) AS
		FOLLOW_COUNT,
		(SELECT COUNT(*) FROM SELL WHERE USER_NO = M.USER_NO) AS
		SELL_COUNT,
		(SELECT COUNT(*) FROM REPORT WHERE REPORTED_NO = M.USER_NO)
		AS
		REPOTER_COUNT
		FROM
		MEMBER M
		WHERE
		M.USER_NO = #{flId}
	</select>

	<!-- 팔로우 리스트 조회 -->

	<select id="selectFollowList" parameterType="follow"
		resultMap="followResultMap">
		SELECT F.FW_ID,s.user_no,
		COUNT(FL_ID) AS SELL_COUNT
		FROM FOLLOW F, SELL S where F.FW_ID
		= S.USER_NO
		and F.FL_ID = #{flId}
		GROUP BY F.FW_ID, s.user_no
		ORDER BY F.FW_ID ASC
	</select>


	<!-- 팔로우 조회 -->
	<select id="selectFollow" parameterType="follow"
		resultType="int">
		SELECT COUNT(*)
		FROM FOLLOW
		WHERE FL_ID = #{flId}
		AND FW_ID =
		#{fwId}
	</select>

	<!-- 팔로우 추가 -->
	<insert id="insertFollow" parameterType="follow">
		INSERT INTO FOLLOW
		(FL_ID, FW_ID, CREATE_DATE)
		VALUES (#{flId}, #{fwId}, SYSDATE)
	</insert>

	<!-- 팔로우 삭제 -->
	<delete id="deleteFollow" parameterType="follow">
		DELETE FROM FOLLOW
		WHERE
		FL_ID = #{flId}
		AND FW_ID = #{fwId}
	</delete>

</mapper>
