<?xml version="1.0" encoding="UTF-8"?>
<!DOCTYPE mapper 
PUBLIC "-//mybatis.org//DTD Mapper 3.0//EN" 
"http://mybatis.org/dtd/mybatis-3-mapper.dtd" >

<mapper namespace="heartns">

	<!-- type은 mybatis-config에서 heart 라는 별칭을 정해두었음 -->
	<resultMap type="heart" id="heartResultSet">
		<id column="USER_NO" property="userNo" />
		<id column="SELL_NO" property="sellNo" />
		<result column="SELL_TITLE" property="sellTitle" />
		<result column="IMAGE_SELL" property="imgSell" />
		<result column="PRICE" property="price" />
		<result column="CREATE_DATE" property="createDate" />
		<result column="HEART_NO" property="heartNo" />
		<result column="SYSHEART_NUM" property="sysHeartNum" />




	</resultMap>
	<!-- 마이페이지 찜 리스트 -->
	<select id="mypageHeartList" parameterType="int"
		resultMap="heartResultSet">

		SELECT
		H.USER_NO ,
		H.SELL_NO ,
		H.HEART_NO,
		S.SELL_TITLE,
		S.IMAGE_SELL,
		S.PRICE,
		S.CREATE_DATE

		FROM HEART H
		JOIN MEMBER M ON M.USER_NO = H.USER_NO
		JOIN SELL S ON S.SELL_NO= H.SELL_NO
		WHERE M.USER_NO = #{userNo}
	</select>

	<select id="heartCount" parameterType="int"
		resultMap="heartResultSet">
		SELECT
		COUNT(*)
		FROM HEART H

		JOIN MEMBER M ON H.USER_NO =
		M.USER_NO
		WHERE M.USER_NO = #{userNo}


	</select>



	<delete id="deleteHeart" parameterType="heart">
		DELETE HEART
		WHERE
		HEART_NO = #{heartNo} AND
		USER_NO = #{userNo}
	</delete>


	<insert id="addHeart" parameterType="heart">
		<selectKey keyProperty="heartNo" order="BEFORE"
			resultType="integer">
			SELECT NVL(MAX(heart_no), 0) + 1 FROM heart
		</selectKey>
		INSERT INTO HEART(HEART_NO, USER_NO, SELL_NO, CREATE_DATE)
		VALUES(#{heartNo}, #{userNo}, #{sellNo}, #{createDate})
	</insert>

	<delete id="mypageDeleteHeart" parameterType="map">
		DELETE FROM HEART
		WHERE SELL_NO = #{sellNo} AND USER_NO = #{userNo}
	</delete>

	<update id="addHeartCount" parameterType="heart">
		UPDATE MEMBER
		SET
		HEART_COUNT = HEART_COUNT +1
		WHERE USER_NO = #{userNo}
	</update>

	<update id="minusHeartCount" parameterType="map">
		UPDATE MEMBER
		SET
		HEART_COUNT = HEART_COUNT -1
		WHERE USER_NO = #{userNo}
	</update>

	<update id="minusListCount" parameterType="map">
		UPDATE MEMBER
		SET
		HEARTCOUNT = HEARTCOUNT - #{sysHeartNum}
		WHERE USER_NO = #{userNo}
	</update>












</mapper>
