<?xml version="1.0" encoding="UTF-8"?>
<!DOCTYPE mapper 
PUBLIC "-//mybatis.org//DTD Mapper 3.0//EN" 
"http://mybatis.org/dtd/mybatis-3-mapper.dtd" >

<mapper namespace="reportns">

	<!-- type은 mybatis-config에서 report 라는 별칭을 정해두었음 -->
	<resultMap type="report" id="reportResultSet">
		<id column="REPORT_NO" property="reportNo" />
		<result column="REPORTER_NO" property="reporterNo" />
		<result column="REPORTED_NO" property="reportedNo" />
		<result column="REPORT_CONTENT" property="reportContent" />
		<result column="CREATE_DATE" property="createDate" />
		<result column="STATUS" property="status" />
		<result column="REPORT_COUNT" property="reportCount" />
		<result column="ACCOUNT" property="account" />
	</resultMap>

	<!-- 신고당한 총 횟수2 -->
	<select id="selectReportCount" parameterType="report"
		resultType="int">
		SELECT
		COUNT(REPORTED_NO) AS "REPORT_COUNT"
		FROM REPORT
		WHERE
		REPORTED_NO = #{reportedNo}
	</select>

	<!-- 신고리스트에 추가 -->
	<insert id="addReport" parameterType="report">
		<selectKey keyProperty="reportNo" order="BEFORE"
			resultType="integer">
			SELECT NVL(MAX(report_no), 0) + 1 FROM report
		</selectKey>
		INSERT INTO REPORT (REPORT_NO, REPORT_CONTENT, CREATE_DATE, STATUS,
		REPORTER_NO, REPORTED_NO)
		VALUES (#{reportNo}, #{reportContent}, SYSDATE, 'Y', #{reporterNo},
		#{reportedNo})
	</insert>

	<!-- 신고 리스트 조회(불러오기) -->
	<select id="reportSearchResult" resultMap="reportResultSet"
		parameterType="HashMap">
		SELECT
		R.*,
		A.ACCOUNT
		FROM REPORT R
		LEFT JOIN MEMBER M ON (R.REPORTED_NO =
		M.USER_NO)
		LEFT JOIN ACCOUNT A ON (A.USER_NO = M.USER_NO)
		WHERE R.STATUS
		= 'Y'
		<if test='search != null and search != ""'>
			AND
			<choose>
				<when test="condition == 'seller'">
					R.REPORTED_NO LIKE '${search}'
				</when>
				<when test="condition == 'account'">
					A.ACCOUNT LIKE '${search}'
				</when>
			</choose>
		</if>
		ORDER BY R.CREATE_DATE DESC
	</select>


	<!-- 신고 카운트 -->
	<select id="selectListCount" resultType="int"
		parameterType="HashMap">

		SELECT
		COUNT(*)
		FROM REPORT R
		LEFT JOIN MEMBER M ON (R.REPORTED_NO =
		M.USER_NO)
		LEFT JOIN ACCOUNT A ON (A.USER_NO = M.USER_NO)
		WHERE R.STATUS
		= 'Y'
		<if test='search != null and search != ""'>
			AND
			<choose>
				<when test="condition == 'seller'">
					R.REPORTED_NO LIKE '${search}'
				</when>
				<when test="condition == 'account'">
					A.ACCOUNT LIKE '${search}'
				</when>
			</choose>
		</if>


	</select>




</mapper>