<?xml version="1.0" encoding="UTF-8" ?>
<!DOCTYPE mapper PUBLIC "-//mybatis.org//DTD Mapper 3.0//EN"
"http://mybatis.org/dtd/mybatis-3-mapper.dtd">
<mapper namespace="sellns">
	<resultMap type="sell" id="sellresult">
		<id column="SELL_NO" property="sellNo"></id>
		<result column="USER_NO" property="userNo"></result>
		<result column="CATEGORY_NO" property="categoryNo"></result>
		<result column="SELL_TITLE" property="sellTitle"></result>
		<result column="SELL_CONTENT" property="sellContent"></result>
		<result column="IMAGE_SELL" property="imgSell"></result>
		<result column="COUNT" property="count"></result>
		<result column="PRICE" property="price"></result>
		<result column="SELL_STATUS" property="sellStatus"></result>
		<result column="CREATE_DATE" property="createDate"></result>
		<result column="UPDATE_DATE" property="updateDate"></result>
		<result column="STATUS" property="status"></result>
		<result column="HEART_NUM" property="heartNum"></result>
		<result column="CATEGORY_NAME" property="categoryName"></result>
		<result column="REPORT_NUM" property="report_Num"></result>
		<result column="FOLLOWER_NUM" property="follower_Num"></result>
		<result column="SELL_NUM" property="sell_Num"></result>
		<result column="FOLLOW_IS" property="follow_Is"></result>
		<result column="HEART_IS" property="heart_Is"></result>

		<result column="REV_IS" property="rev_is"></result>


	</resultMap>
	<resultMap type="category" id="cateResult">
		<id column="CATEGORY_NO" property="categoryNo"></id>
		<id column="CATEGORY_NAME" property="categoryName"></id>
	</resultMap>

	<resultMap id="seller" type="hashmap">
		<result column="USER_NO" property="userNo" />
		<result column="MARKET_OPEN" property="marketOpen" />
		<result column="SELL_COUNT" property="sellCount" />
		<result column="FOLLOW_COUNT" property="followCount" />
		<result column="REPORT_COUNT" property="reportCount" />
		<result column="REVIEW_AVG" property="reviewAvg" />
		<result column="IS_FOLLOW" property="isFollow" />
		<result column="filename" property="fileName" />
	</resultMap>
	<select id="mypageSellList2" resultMap="sellresult"
		parameterType="Integer">
		SELECT
		S.SELL_STATUS
		FROM SELL S
		JOIN
		MEMBER M ON
		M.USER_NO =
		S.USER_NO
		WHERE M.USER_NO=#{userNo} AND
		S.STATUS = 'Y' AND
		S.SELL_STATUS='Y'
	</select>

	<select id="mypageSellList3" resultMap="sellresult"
		parameterType="Integer">
		SELECT
		S.SELL_STATUS
		FROM SELL S
		JOIN
		MEMBER M ON
		M.USER_NO =
		S.USER_NO
		WHERE M.USER_NO=#{userNo} AND
		S.STATUS = 'Y' AND
		S.SELL_STATUS='N'
	</select>

	<!-- 마이페이지 판매목록 -->
	<select id="mypageSellList" resultMap="sellresult"
		parameterType="Integer">
		SELECT
		S.SELL_NO,
		S.CATEGORY_NO,
		S.SELL_TITLE,
		S.IMAGE_SELL,
		S.PRICE,
		(SELECT COUNT(*) FROM HEART H WHERE H.SELL_NO = S.SELL_NO) AS "HEART_NUM",
		S.SELL_STATUS,
		S.CREATE_DATE
		FROM SELL S
		JOIN MEMBER M ON M.USER_NO = S.USER_NO
		WHERE M.USER_NO=#{userNo} AND S.STATUS = 'Y'
		ORDER BY CREATE_DATE DESC
	</select>

	<select id="sellList" parameterType="int" resultMap="sellresult">
		SELECT
		SELL_NO
		, CATEGORY_NO
		, SELL_TITLE
		, IMAGE_SELL
		, PRICE
		, (SELECT COUNT(*)
		FROM HEART H WHERE H.SELL_NO = S.SELL_NO) AS
		HEART_NUM
		, SELL_STATUS
		,
		CREATE_DATE
		, SELL_STATUS
		FROM SELL S
		WHERE USER_NO = #{userNo} AND
		STATUS = 'Y'
	</select>



	<!-- 상점 정보 조회 -->
	<!-- 판매자 상세 정보 조회 -->
	<select id="sellerDetail" parameterType="hashmap"
		resultMap="seller">
		SELECT M.USER_NO,M.FILENAME,
		ROUND(SYSDATE - M.CREATE_DATE) AS
		MARKET_OPEN,
		(SELECT COUNT(*) FROM SELL WHERE USER_NO = M.USER_NO) AS
		SELL_COUNT,
		(SELECT COUNT(*) FROM FOLLOW WHERE FW_ID = M.USER_NO) AS
		FOLLOW_COUNT,
		(SELECT COUNT(*) FROM REPORT WHERE REPORTED_NO =
		M.USER_NO) AS
		REPORT_COUNT,
		(SELECT NVL(AVG(REV_SCORE), 0) FROM SELL S,
		REVIEW R
		WHERE S.SELL_NO = R.SELL_NO AND S.USER_NO = M.USER_NO) AS
		REVIEW_AVG,
		(SELECT COUNT(*) FROM FOLLOW WHERE FL_ID = M.USER_NO AND
		FW_ID =
		#{fwId}) AS IS_FOLLOW
		<if test="userNo != null">
			,(SELECT COUNT(*) FROM FOLLOW WHERE FL_ID = #{userNo} AND
			FW_ID = M.USER_NO)
			AS IS_FOLLOW
		</if>
		FROM MEMBER M
		WHERE M.USER_NO = #{sellerNo}
	</select>




	<!-- 상품검색 -->
	<select id="sellListsearch" parameterType="String"
		resultMap="sellresult">
		SELECT
		SELL_NO, CATEGORY_NO, SELL_TITLE, IMAGE_SELL, PRICE,
		(SELECT COUNT(*) FROM HEART H WHERE H.SELL_NO = S.SELL_NO) AS
		HEART_NUM,
		S.CREATE_DATE AS CREATE_DATE
		FROM SELL S
		LEFT JOIN MEMBER M ON
		S.USER_NO = M.USER_NO
		WHERE S.STATUS = 'Y'
		AND SELL_STATUS = 'Y'
		AND
		M.STATUS = 'Y'
		AND SELL_TITLE LIKE '%${search}%'
	</select>



	<!-- 상품 상세조회 조회수 증가 -->
	<update id="increaseCount" parameterType="int">
		UPDATE SELL
		SET COUNT =
		COUNT +1
		WHERE SELL_NO = #{sellNo}
	</update>


	<!-- 상품 상세 조회 -->
	<select id="getSellDetail" parameterType="int"
		resultMap="sellresult">
		SELECT *
		FROM sell
		WHERE sell_no = #{sellNo}
	</select>

	<!-- 상품 수정 -->
	<update id="updateSell" parameterType="sell">
		UPDATE SELL
		SET
		sell_title = #{sellTitle},
		sell_content = #{sellContent},
		IMAGE_SELL = #{imgSell, jdbcType=VARCHAR}, <!-- jdbcType을 명시적으로 설정 -->
		price = #{price},
		update_date = sysdate,
		category_no = #{categoryNo}
		WHERE
		sell_no = #{sellNo}
	</update>


	<!-- 카테고리 리스트 -->
	<select id="cateList" resultMap="cateResult">
		SELECT CATEGORY_NO,
		CATEGORY_NAME
		FROM CATEGORY
	</select>


	<!-- 카테고리별 상품목록 조회 및 최신순, 인기순, 저가순, 고가순 정렬 -->
	<select id="howOrderList" parameterType="map"
		resultMap="sellresult">
		<if test="categoryCode == 1">
			SELECT
			SELL_NO, S.CATEGORY_NO, SELL_TITLE, IMAGE_SELL, PRICE, (SELECT
			COUNT(*) FROM
			HEART H WHERE H.SELL_NO = S.SELL_NO) AS "HEART_NUM",
			CATEGORY_NAME,
			CG.CATEGORY_NAME AS "CATEGORY_NAME", S.CREATE_DATE AS
			"CREATE_DATE"
			FROM SELL S
			LEFT JOIN MEMBER M ON(S.USER_NO=M.USER_NO)
			LEFT JOIN CATEGORY CG ON(S.CATEGORY_NO=CG.CATEGORY_NO)
			WHERE S.STATUS
			= 'Y'
			AND SELL_STATUS = 'Y'
			AND M.STATUS = 'Y'
			AND ROWNUM <![CDATA[ <= ]]>
			80
		</if>
		<if test="categoryCode != 1">
			SELECT
			SELL_NO, S.CATEGORY_NO, SELL_TITLE, IMAGE_SELL,
			PRICE, (SELECT COUNT(*) FROM
			HEART H WHERE H.SELL_NO = S.SELL_NO) AS
			"HEART_NUM", CG.CATEGORY_NAME
			AS "CATEGORY_NAME", S.CREATE_DATE AS
			"CREATE_DATE"
			FROM SELL S
			LEFT JOIN MEMBER M ON(S.USER_NO=M.USER_NO)
			LEFT JOIN CATEGORY CG ON(S.CATEGORY_NO=CG.CATEGORY_NO)
			WHERE S.STATUS
			= 'Y' AND SELL_STATUS = 'Y' AND M.STATUS = 'Y'
			AND S.CATEGORY_NO =
			#{categoryCode}
		</if>
		<if test="howOrder != null">
			ORDER BY
			<if test='howOrder.equals("recent")'>
				S.CREATE_DATE DESC
			</if>
			<if test='howOrder.equals("popular")'>
				HEART_NUM DESC, S.COUNT DESC
			</if>
			<if test='howOrder.equals("lowest")'>
				S.PRICE
			</if>
			<if test='howOrder.equals("high")'>
				S.PRICE DESC
			</if>
		</if>
	</select>


	<!-- 상품삭제 -->
	<delete id="sellDelete" parameterType="sell">
		DELETE FROM SELL
		WHERE
		SELL_NO = #{sellNo}
	</delete>

	<select id="getSellNo" parameterType="string"
		resultType="integer">
		select * from sell where SELL_No=#{sellNo}
	</select>


	<!-- 상품등록 -->
	<insert id="insert" parameterType="sell">
		<selectKey keyProperty="sellNo" order="BEFORE"
			resultType="integer">
			select nvl(max(sell_no), 0) + 1 sellNo from sell
		</selectKey>
		INSERT INTO SELL values(
		#{sellNo},
		#{sellTitle} ,
		#{sellContent},
		#{imgSell},
		0,
		#{price},
		'Y',
		sysdate,
		sysdate,
		'Y',
		0,
		#{userNo},
		#{categoryNo}
		)
	</insert>


	<!-- 상품목록조회(메인페이지) -->
	<select id="sellListselect" resultMap="sellresult">
		SELECT SELL_NO,
		CATEGORY_NO,
		SELL_TITLE,
		IMAGE_SELL,
		PRICE,
		(SELECT COUNT(*)
		FROM HEART H
		WHERE H.SELL_NO = S.SELL_NO) AS HEART_NUM,
		S.CREATE_DATE
		FROM SELL S
		LEFT JOIN MEMBER M ON S.USER_NO = M.USER_NO
		WHERE S.STATUS = 'Y'
		AND
		SELL_STATUS = 'Y'
		AND M.STATUS = 'Y'
		AND ROWNUM BETWEEN 1 AND 40
		ORDER BY S.CREATE_DATE DESC

	</select>



	<!-- 상품목록조회 더 보기 -->
<select id="getSellList" parameterType="map" resultMap="sellresult">
    SELECT * FROM (
        SELECT
            ROWNUM AS R,
            SELL_NO,
            CATEGORY_NO,
            SELL_TITLE,
            IMAGE_SELL,
            PRICE,
            (SELECT COUNT(*) FROM HEART H WHERE H.SELL_NO = S.SELL_NO) AS HEART_NUM,
            S.CREATE_DATE
        FROM 
            SELL S
        LEFT JOIN 
            MEMBER M ON S.USER_NO = M.USER_NO
        WHERE 
            S.STATUS = 'Y'
            AND S.SELL_STATUS = 'Y'
            AND M.STATUS = 'Y'
        ORDER BY S.SELL_NO ASC  -- 또는 필요한 다른 기준
    )
    WHERE R BETWEEN #{start} AND #{start} + #{limit} + 1
</select>


	<!-- 상품 상세보기 -->
	<select id="selectSellDetail" parameterType="map"
		resultMap="sellresult">
		SELECT SELL_NO,SELL_STATUS, SELL_TITLE, CG.CATEGORY_NAME AS
		"CATEGORY_NAME",
		PRICE,
		(SELECT COUNT(*) FROM HEART H WHERE H.SELL_NO =
		#{sellNo}) AS "HEART_NUM",
		COUNT, CREATE_DATE, SELL_CONTENT,
		IMAGE_SELL, S.USER_NO AS "USER_NO",
		(SELECT COUNT(*) FROM REPORT R
		WHERE R.REPORTED_NO = S.USER_NO AND
		S.SELL_NO = #{sellNo}) AS
		"REPORT_NUM",
		(SELECT COUNT(*) FROM FOLLOW F WHERE F.FW_ID = S.USER_NO)
		AS "FOLLOWER_NUM",
		(SELECT COUNT(*) FROM SELL S2 WHERE S2.USER_NO =
		S.USER_NO AND
		S2.SELL_STATUS = 'Y') AS "SELL_NUM",
		(SELECT COUNT(*) FROM
		FOLLOW F WHERE F.FW_ID = S.USER_NO AND F.FL_ID =
		#{userNo}) AS
		"FOLLOW_IS",
		(SELECT COUNT(*) FROM HEART H WHERE H.USER_NO = #{userNo}
		AND H.SELL_NO =
		S.SELL_NO) AS "HEART_IS"
		FROM SELL S
		JOIN CATEGORY CG ON
		S.CATEGORY_NO = CG.CATEGORY_NO
		WHERE S.SELL_NO = #{sellNo}

	</select>


	<!-- 이미지리스트를 만들어서 멀티파일 업로드 예정 -->
	<insert id="insertSellImgList" parameterType="list">
		INSERT INTO SFILE
		SELECT SEQ_SFNO.NEXTVAL AS SFILE_NO, C.* FROM
		(
		<foreach collection="list" item="img" separator="UNION ALL">
			SELECT
			#{img.sellNo} as SELL_NO,
			#{img.originName} as ORIGIN_NAME,
			#{img.changeName} as CHANGE_NAME,
			NVL(#{img.upLoadDate}, SYSDATE) as
			UPLOAD_DATE,
			#{img.filePath} as FILE_PATH,
			#{img.fileType} as
			FILE_TYPE,
			#{img.status} as STATUS
			FROM DUAL
		</foreach>
		)
	</insert>



	<!-- 이미지리스트를 만들어서 멀티파일 업로드 예정 -->
	<select id="selectSellImgList" parameterType="hashmap"
		resultMap="sellresult">
		SELECT F.SFILE_NO
		, F.SELL_NO
		, F.ORIGIN_NAME
		, F.CHANGE_NAME
		,
		F.UPLOAD_DATE
		, F.FILE_PATH
		, F.FILE_TYPE
		, F.STATUS
		FROM SELL S
		, SFILE F
		WHERE S.SELL_NO = F.SELL_NO
		AND F.FILE_TYPE = 'D'
		AND S.SELL_NO =
		#{sellNo}
		ORDER BY F.SFILE_NO ASC,
		F.FILE_TYPE DESC
	</select>



</mapper>